자치구,20년1월_살인,20년1월_강도,20년1월_강간/강제추행,20년1월_절도,20년1월_폭력,20년2월_살인,20년2월_강도,20년2월_강간/강제추행,20년2월_절도,20년2월_폭력,20년3월_살인,20년3월_강도,20년3월_강간/강제추행,20년3월_절도,20년3월_폭력,20년4월_살인,20년4월_강도,20년4월_강간/강제추행,20년4월_절도,20년4월_폭력,20년5월_살인,20년5월_강도,20년5월_강간/강제추행,20년5월_절도,20년5월_폭력,20년6월_살인,20년6월_강도,20년6월_강간/강제추행,20년6월_절도,20년6월_폭력,20년7월_살인,20년7월_강도,20년7월_강간/강제추행,20년7월_절도,20년7월_폭력,20년8월_살인,20년8월_강도,20년8월_강간/강제추행,20년8월_절도,20년8월_폭력,20년9월_살인,20년9월_강도,20년9월_강간/강제추행,20년9월_절도,20년9월_폭력,20년10월_살인,20년10월_강도,20년10월_강간/강제추행,20년10월_절도,20년10월_폭력,20년11월_살인,20년11월_강도,20년11월_강간/강제추행,20년11월_절도,20년11월_폭력,20년12월_살인,20년12월_강도,20년12월_강간/강제추행,20년12월_절도,20년12월_폭력,21년1월_살인,21년1월_강도,21년1월_강간/강제추행,21년1월_절도,21년1월_폭력,21년2월_살인,21년2월_강도,21년2월_강간/강제추행,21년2월_절도,21년2월_폭력,21년3월_살인,21년3월_강도,21년3월_강간/강제추행,21년3월_절도,21년3월_폭력,21년4월_살인,21년4월_강도,21년4월_강간/강제추행,21년4월_절도,21년4월_폭력,21년5월_살인,21년5월_강도,21년5월_강간/강제추행,21년5월_절도,21년5월_폭력,21년6월_살인,21년6월_강도,21년6월_강간/강제추행,21년6월_절도,21년6월_폭력,21년7월_살인,21년7월_강도,21년7월_강간/강제추행,21년7월_절도,21년7월_폭력,21년8월_살인,21년8월_강도,21년8월_강간/강제추행,21년8월_절도,21년8월_폭력,21년9월_살인,21년9월_강도,21년9월_강간/강제추행,21년9월_절도,21년9월_폭력,21년10월_살인,21년10월_강도,21년10월_강간/강제추행,21년10월_절도,21년10월_폭력,21년11월_살인,21년11월_강도,21년11월_강간/강제추행,21년11월_절도,21년11월_폭력,21년12월_살인,21년12월_강도,21년12월_강간/강제추행,21년12월_절도,21년12월_폭력,22년1월_살인,22년1월_강도,22년1월_강간/강제추행,22년1월_절도,22년1월_폭력,22년2월_살인,22년2월_강도,22년2월_강간/강제추행,22년2월_절도,22년2월_폭력,22년3월_살인,22년3월_강도,22년3월_강간/강제추행,22년3월_절도,22년3월_폭력,22년4월_살인,22년4월_강도,22년4월_강간/강제추행,22년4월_절도,22년4월_폭력,22년5월_살인,22년5월_강도,22년5월_강간/강제추행,22년5월_절도,22년5월_폭력,22년6월_살인,22년6월_강도,22년6월_강간/강제추행,22년6월_절도,22년6월_폭력,22년7월_살인,22년7월_강도,22년7월_강간/강제추행,22년7월_절도,22년7월_폭력,22년8월_살인,22년8월_강도,22년8월_강간/강제추행,22년8월_절도,22년8월_폭력,22년9월_살인,22년9월_강도,22년9월_강간/강제추행,22년9월_절도,22년9월_폭력,22년10월_살인,22년10월_강도,22년10월_강간/강제추행,22년10월_절도,22년10월_폭력,22년11월_살인,22년11월_강도,22년11월_강간/강제추행,22년11월_절도,22년11월_폭력,22년12월_살인,22년12월_강도,22년12월_강간/강제추행,22년12월_절도,22년12월_폭력,20년_범죄총합,21년_범죄총합,22년_범죄총합,20년1월_범죄율,21년1월_범죄율,22년1월_범죄율,20년2월_범죄율,21년2월_범죄율,22년2월_범죄율,20년3월_범죄율,21년3월_범죄율,22년3월_범죄율,20년4월_범죄율,21년4월_범죄율,22년4월_범죄율,20년5월_범죄율,21년5월_범죄율,22년5월_범죄율,20년6월_범죄율,21년6월_범죄율,22년6월_범죄율,20년7월_범죄율,21년7월_범죄율,22년7월_범죄율,20년8월_범죄율,21년8월_범죄율,22년8월_범죄율,20년9월_범죄율,21년9월_범죄율,22년9월_범죄율,20년10월_범죄율,21년10월_범죄율,22년10월_범죄율,20년11월_범죄율,21년11월_범죄율,22년11월_범죄율,20년12월_범죄율,21년12월_범죄율,22년12월_범죄율,총범죄건수,20년_범죄율,21년_범죄율,22년_범죄율
강남구,0,1,65,310,339,0,1,46,240,221,1,1,64,279,334,0,0,53,227,324,0,2,48,215,317,0,2,58,234,337,1,2,57,286,295,0,3,60,269,319,1,1,19,121,154,2,2,45,200,270,0,0,63,233,296,1,0,78,232,295,1,0,33,197,207,0,1,39,120,178,0,5,49,180,253,1,2,45,192,247,1,0,70,179,264,2,4,46,222,286,1,2,54,178,314,1,3,53,245,276,2,5,51,189,248,2,1,45,215,285,0,1,47,279,307,1,1,46,176,294,0,0,56,169,344,0,1,33,131,233,1,1,38,161,317,0,0,47,200,287,2,1,61,228,325,3,2,49,228,297,0,2,65,222,335,1,1,72,247,322,3,1,65,168,312,1,0,61,194,324,1,1,64,313,327,0,1,56,234,339,7024,6146,6947,0.10179384965831435,0.07126586397657013,0.081905858644019,0.07232346241457858,0.054995118776439963,0.057290916942565134,0.09666856492027334,0.0792385291246339,0.074564560241831,0.08599088838268792,0.0792385291246339,0.07686771268173312,0.08285876993166287,0.08363163032866905,0.08881531596372536,0.08983485193621868,0.09111617312072894,0.08334532891895782,0.09125854214123007,0.08932639114871462,0.08982294515618253,0.09268223234624146,0.09404490725675235,0.09255793867856629,0.04214123006833713,0.08054018874064432,0.07902691809414135,0.07388952164009112,0.0891636836967133,0.08348927594645171,0.08428246013667426,0.10315652456882525,0.10162660141068088,0.0862756264236902,0.08428246013667426,0.09068662732114582,20117,0.3491574290401153,0.3055127504101009,0.3453298205497838
강동구,0,1,12,146,173,0,1,9,132,145,0,3,7,137,136,0,1,13,124,126,1,5,12,127,154,0,2,20,132,176,0,0,26,149,198,0,0,21,160,176,1,0,10,44,34,1,1,23,98,187,0,1,13,143,155,0,0,13,131,148,0,1,10,125,106,0,0,5,92,99,0,0,7,119,139,1,1,10,108,149,1,1,9,115,145,0,0,11,163,151,0,2,15,143,161,1,0,10,123,150,0,0,13,159,153,0,0,11,105,125,0,0,15,190,170,0,1,8,170,165,1,1,12,143,167,0,0,13,100,109,0,0,12,96,136,0,0,9,104,160,0,1,12,141,159,1,1,16,136,171,0,0,16,203,141,0,1,16,158,154,1,0,9,126,162,0,0,12,107,151,1,1,15,236,197,1,0,15,122,165,3528,3458,3711,0.09410430839002268,0.06998264893001735,0.08730800323362975,0.08134920634920635,0.05668016194331984,0.05982215036378335,0.08021541950113378,0.0766338924233661,0.06575047157100512,0.07482993197278912,0.07779063042220936,0.07356507679870655,0.08475056689342404,0.078368999421631,0.08434384263001886,0.0935374149659864,0.09398496240601503,0.08757747237941256,0.10572562358276644,0.09282822440717177,0.09700889248181083,0.10119047619047619,0.0821283979178716,0.08865534896254379,0.02522675736961451,0.09398496240601503,0.08030180544327674,0.08786848072562359,0.06969346443030654,0.07275666936135812,0.08843537414965986,0.10844418739155581,0.12126111560226355,0.08276643990929705,0.09947946790052054,0.08164915117219078,10697,0.329812096849584,0.32326820603907636,0.34691969711133963
강북구,0,2,13,79,164,1,0,16,61,164,0,0,9,72,177,0,0,10,66,176,1,1,16,67,158,3,0,18,79,153,1,1,14,86,163,2,0,20,61,139,1,0,16,91,102,1,1,9,62,139,0,0,13,50,119,0,0,9,47,127,0,0,6,60,75,1,0,1,40,86,0,1,7,52,107,0,0,11,53,133,1,0,15,86,108,0,0,20,77,110,0,0,15,76,133,0,0,13,85,104,1,0,10,68,127,0,0,12,50,139,1,0,17,74,135,0,0,9,56,126,0,1,11,66,139,0,0,5,49,98,0,1,9,65,129,1,0,22,62,146,0,0,15,101,186,0,0,17,81,197,2,1,17,67,143,0,2,20,86,154,2,0,17,73,152,0,0,10,71,159,0,0,16,84,141,0,0,18,67,129,2780,2301,2832,0.09280575539568345,0.061277705345501955,0.07662429378531073,0.08705035971223021,0.055627987831377665,0.05367231638418079,0.09280575539568345,0.07257714037375054,0.07203389830508475,0.09064748201438849,0.08561495002172968,0.0815677966101695,0.08741007194244604,0.09126466753585398,0.10663841807909605,0.09100719424460432,0.08996088657105607,0.10416666666666667,0.09532374100719425,0.09734897870491091,0.08121468926553672,0.07985611510791367,0.08778791829639288,0.0925141242937853,0.07553956834532374,0.08952629291612342,0.08615819209039548,0.07625899280575539,0.08735332464146023,0.0847457627118644,0.06546762589928058,0.09865275966970882,0.08509887005649718,0.0658273381294964,0.08300738809213386,0.07556497175141243,7913,0.35132061165171236,0.2907873120181979,0.35789207633008974
강서구,1,1,33,193,215,0,0,17,161,195,1,0,23,179,218,2,0,17,116,195,3,1,16,150,201,0,0,21,121,229,0,1,22,121,225,0,2,35,136,207,0,0,11,54,74,2,0,21,134,220,1,0,21,110,165,0,1,17,119,152,0,0,14,99,145,1,0,10,108,104,1,0,16,116,153,1,0,16,129,191,0,0,27,135,165,1,0,16,142,166,1,1,25,142,174,1,0,21,119,180,1,0,16,122,189,0,1,19,134,205,2,1,40,158,186,0,0,26,136,240,0,0,19,140,194,0,0,12,91,159,0,1,20,130,206,0,1,21,128,229,0,0,22,155,205,0,0,18,208,190,1,0,24,198,242,0,0,29,193,211,0,3,17,164,184,1,0,30,214,226,1,2,24,200,207,0,0,25,170,148,4160,3896,4663,0.10649038461538461,0.0662217659137577,0.07570233755093288,0.08966346153846154,0.057238193018480495,0.056187004074630065,0.10120192307692308,0.07340862422997947,0.07656015440703409,0.07932692307692307,0.08649897330595482,0.08127814711559082,0.08918269230769231,0.08393223819301848,0.08192150975766674,0.08918269230769231,0.0834188911704312,0.08921295303452713,0.08870192307692308,0.08803901437371663,0.0997212095217671,0.09134615384615384,0.08239219712525668,0.09285867467295732,0.03341346153846154,0.08418891170431211,0.07891915076131246,0.090625,0.09214579055441478,0.10100793480591894,0.07139423076923077,0.09933264887063654,0.09307312888698263,0.06947115384615385,0.10318275154004107,0.07355779541067982,12719,0.3270697381869644,0.30631338941740704,0.36661687239562857
관악구,1,0,37,223,205,1,0,26,181,157,0,0,27,164,205,1,0,22,202,231,0,0,20,207,232,2,2,34,179,224,1,0,38,208,247,3,0,33,158,2215,0,0,18,80,154,0,1,43,187,238,0,0,40,162,229,0,0,44,187,230,1,0,20,126,157,0,0,14,136,137,0,0,29,126,176,1,1,17,170,178,0,0,25,149,225,0,0,28,188,196,1,2,33,171,226,2,1,31,157,182,0,1,34,113,174,0,1,12,92,191,0,0,49,225,196,3,1,29,207,210,0,0,22,148,208,1,1,21,103,158,0,1,23,124,162,1,2,27,170,192,2,0,17,140,196,0,1,25,167,230,0,0,33,170,260,1,0,42,215,231,2,0,26,95,206,1,1,40,142,211,0,2,27,290,281,2,1,24,202,232,7099,4444,4879,0.06564304831666432,0.06840684068406841,0.07747489239598278,0.05141569235103536,0.06458145814581458,0.05820864931338389,0.05578250457810959,0.07448244824482449,0.06353761016601762,0.0642343992111565,0.08258325832583259,0.08034433285509325,0.06465699394280884,0.08978397839783979,0.07276081164172986,0.06212142555289477,0.0927092709270927,0.08669809387169503,0.06958726581208621,0.09743474347434744,0.09489649518343923,0.33934356951683337,0.08393339333933393,0.10022545603607297,0.03549795745879701,0.07245724572457246,0.06743185078909612,0.06606564304831666,0.0666066606660666,0.08095921295347407,0.06071277644738696,0.10576057605760576,0.12297601967616315,0.06493872376391041,0.10126012601260126,0.09448657511785202,16422,0.43228595786140545,0.27061259286323225,0.2971014492753623
광진구,0,0,20,175,149,0,0,21,134,96,0,0,19,145,133,0,3,23,126,124,0,1,17,130,142,0,0,20,120,158,0,0,23,140,165,0,0,32,143,179,0,1,7,57,51,1,0,19,153,162,0,0,19,98,123,0,0,21,147,102,0,0,17,109,79,0,1,10,103,101,1,1,10,127,133,0,0,12,119,119,0,0,25,109,121,0,0,24,96,133,1,1,18,123,137,1,0,25,128,121,0,0,11,78,102,0,0,13,84,129,0,0,24,176,153,2,1,19,162,128,0,0,20,202,143,0,0,8,75,97,0,0,6,114,121,0,0,17,133,158,0,0,22,143,144,0,0,31,145,162,0,0,20,123,155,2,0,22,120,142,0,0,17,120,160,1,0,33,105,153,2,0,23,211,146,1,0,11,179,132,3399,3087,3619,0.10120623712856723,0.06640751538710722,0.10085659021829235,0.07384524860253015,0.06964690638160026,0.04973749654600718,0.08737864077669903,0.08811143505021056,0.06659298148659851,0.08120035304501325,0.08098477486232589,0.0851063829787234,0.08531921153280377,0.0826044703595724,0.085382702403979,0.08767284495439835,0.08195659216067379,0.09339596573639126,0.09649897028537806,0.09070294784580499,0.08234318872616744,0.10414827890556046,0.08908325234855848,0.0790273556231003,0.0341276846131215,0.061872367994816976,0.08206686930091185,0.09855839952927331,0.0732102364755426,0.08068527217463388,0.0706090026478376,0.11435050210560414,0.10555402044763747,0.0794351279788173,0.1010689990281827,0.08925117435755733,10105,0.3363681345868382,0.30549233052944086,0.3581395348837209
구로구,0,2,18,170,204,0,0,5,100,157,3,0,12,128,179,0,2,11,159,138,0,0,11,163,212,0,1,17,143,206,1,0,28,242,201,0,0,18,144,181,2,0,18,114,161,1,0,19,149,189,1,0,18,110,171,0,0,15,110,175,0,0,6,76,125,0,0,3,79,113,0,0,14,121,160,0,0,13,120,173,1,0,10,114,176,0,1,15,115,158,2,0,18,106,138,1,0,21,155,179,1,0,19,117,176,0,1,21,127,172,0,0,22,131,160,0,0,20,129,177,0,3,18,145,164,0,0,9,88,124,1,2,16,82,160,1,0,16,114,153,1,2,17,144,184,0,1,25,138,227,3,0,27,150,167,0,0,22,153,197,1,0,16,129,163,1,0,16,151,193,1,0,27,137,191,2,0,8,134,133,4109,3486,3857,0.0958870771477245,0.05938037865748709,0.0855587243971999,0.06376247262107569,0.05593803786574871,0.05729841845994296,0.07836456558773425,0.08462421113023523,0.06766917293233082,0.07544414699440254,0.08777969018932874,0.07363235675395385,0.0939401314188367,0.08634538152610442,0.09022556390977443,0.08931613531272815,0.08290304073436604,0.10137412496759139,0.11486979800438063,0.0757314974182444,0.08996629504796474,0.08347529812606473,0.102122776821572,0.09644801659320716,0.07179362375273789,0.0897877223178428,0.08011407829919627,0.08712582136772938,0.09208261617900172,0.09359605911330049,0.07301046483329277,0.0897877223178428,0.092299714804252,0.07301046483329277,0.09351692484222604,0.07181747472128597,11452,0.35880195599022,0.30440097799511,0.3367970660146699
금천구,0,1,8,79,134,1,0,10,107,146,1,1,10,97,130,1,0,10,72,110,0,3,11,77,142,0,1,13,82,128,0,1,14,96,136,0,0,8,81,120,1,0,38,146,177,0,1,5,85,131,0,0,6,86,94,1,0,7,70,98,3,0,7,84,90,0,0,11,87,86,0,1,9,53,107,0,0,14,85,108,0,0,6,92,120,1,0,8,76,100,0,1,13,95,121,0,0,13,77,117,1,0,8,96,108,0,0,19,80,109,0,1,15,82,100,2,0,11,106,116,0,0,20,121,108,0,0,10,68,66,0,0,10,72,87,1,0,5,75,84,0,0,5,93,104,0,1,10,106,135,0,0,11,124,149,0,0,16,89,133,0,0,13,85,96,0,1,10,90,146,1,0,11,118,131,0,1,6,77,88,2777,2439,2577,0.0799423838674829,0.07544075440754408,0.09662398137369034,0.0950666186532229,0.07544075440754408,0.05587892898719441,0.08606409794742528,0.06970069700697007,0.06558013193636011,0.06949945984875765,0.08487084870848709,0.0640279394644936,0.08390349297803384,0.08938089380893809,0.07838571982925883,0.0806625855239467,0.07585075850758508,0.09778812572759023,0.08894490457328053,0.0943009430094301,0.11020566550252231,0.07526107310046813,0.08487084870848709,0.09235545207605743,0.1303564998199496,0.08733087330873308,0.07528133488552581,0.0799423838674829,0.08528085280852808,0.09584788513775708,0.06697875405113432,0.08118081180811808,0.10128055878928988,0.06337774576881527,0.0963509635096351,0.06674427629025999,7793,0.3563454382137816,0.31297318105992555,0.33068138072629283
노원구,1,0,7,101,165,0,0,11,82,181,1,0,6,83,176,0,0,16,110,180,0,1,13,151,205,0,0,10,102,196,0,1,17,136,177,0,0,20,123,199,0,1,21,120,199,1,0,19,131,153,1,1,11,117,171,0,0,16,140,169,1,0,9,81,123,0,0,8,93,106,0,0,5,97,148,2,0,13,96,146,0,0,16,103,173,1,0,17,123,163,2,1,15,136,177,0,1,10,134,177,0,0,18,110,174,0,0,19,104,140,0,1,17,165,215,0,0,9,119,157,0,0,13,123,129,0,0,9,78,88,0,2,11,65,119,0,0,11,94,106,0,0,17,114,134,0,1,20,130,132,0,1,27,124,132,0,0,20,116,152,1,0,18,128,121,0,1,17,76,138,0,0,18,150,141,0,0,13,167,114,3742,3425,3071,0.07322287546766434,0.062481751824817515,0.08629111038749593,0.07322287546766434,0.06043795620437956,0.05698469553891241,0.07108498129342597,0.072992700729927,0.06414848583523282,0.08177445216461784,0.07503649635036497,0.06870726147834581,0.09887760555852486,0.08525547445255474,0.08629111038749593,0.08230892570817744,0.08875912408759123,0.09215239335721263,0.08845537145911278,0.09664233576642335,0.09247802018886356,0.09139497594869055,0.09401459854014599,0.09378052751546727,0.09112773917691075,0.08817518248175182,0.08726799088244871,0.08123997862105825,0.07678832116788321,0.0755454249430153,0.08043826830571886,0.1162043795620438,0.10061869098013676,0.086851950828434,0.08321167883211679,0.09573428850537284,10238,0.36550107442859936,0.3345379957022856,0.29996092986911504
도봉구,0,1,8,81,98,0,1,8,61,96,0,0,9,59,101,0,0,6,61,109,0,0,4,63,103,0,0,12,84,106,0,0,10,82,100,0,0,5,59,118,0,0,6,67,111,0,0,4,87,85,0,0,3,78,95,0,0,7,84,118,0,0,4,45,68,1,0,4,40,68,0,0,6,56,92,0,0,10,55,82,0,0,8,61,90,1,0,7,60,104,0,0,4,75,91,0,0,5,41,92,0,0,4,54,71,0,1,5,66,84,0,1,8,153,75,0,0,7,66,95,0,0,10,139,170,0,0,7,84,121,2,0,8,83,178,0,0,16,96,163,0,0,12,137,221,1,0,14,126,217,0,1,17,141,197,0,0,28,129,183,0,0,9,141,192,0,0,17,116,194,0,0,23,167,203,0,2,19,145,167,2190,1860,3896,0.08584474885844749,0.06290322580645161,0.0818788501026694,0.07579908675799087,0.06075268817204301,0.054414784394250515,0.0771689497716895,0.08279569892473118,0.06955852156057495,0.08036529680365297,0.07903225806451612,0.07058521560574949,0.0776255707762557,0.08548387096774193,0.09496919917864477,0.09223744292237443,0.09247311827956989,0.09188911704312115,0.08767123287671233,0.0913978494623656,0.09137577002053388,0.08310502283105023,0.07419354838709677,0.08726899383983573,0.08401826484018265,0.06935483870967742,0.087782340862423,0.08036529680365297,0.08387096774193549,0.08393223819301848,0.08036529680365297,0.12741935483870967,0.10087268993839836,0.0954337899543379,0.09032258064516129,0.08547227926078028,7946,0.275610369997483,0.23408004027183488,0.4903095897306821
동대문구,0,0,11,192,150,0,2,8,126,123,1,0,8,118,154,0,2,12,130,148,0,1,14,73,169,0,0,20,102,160,0,1,14,122,149,0,0,16,126,167,0,1,29,83,132,0,0,11,107,145,3,0,14,91,119,4,0,15,139,137,0,2,7,99,106,0,1,6,59,84,0,0,10,85,133,0,0,14,91,124,0,0,14,135,133,1,0,13,111,162,0,0,21,142,139,0,1,15,81,149,0,2,17,118,114,0,0,18,107,137,1,1,21,96,133,1,0,13,116,126,0,0,7,74,96,1,0,4,40,47,1,0,6,59,77,0,0,1,82,98,1,0,7,70,107,0,0,7,96,78,0,0,6,90,100,0,0,10,86,87,0,0,4,85,108,0,0,6,68,109,0,0,7,121,97,0,0,5,98,95,3349,2959,2141,0.10540459838757839,0.07232173031429537,0.08267164876226063,0.07733651836369065,0.05069280162216965,0.04297057449789818,0.08390564347566437,0.07705305846569788,0.06679121905651565,0.08719020603165124,0.07739101047651234,0.08453993460999533,0.07673932517169305,0.09530246704967894,0.08640822045773003,0.08420424007166319,0.09699222710375127,0.08453993460999533,0.0853986264556584,0.10206150726596823,0.09154600653900047,0.09226634816363094,0.08313619466035822,0.08547407753386269,0.07315616601970737,0.08482595471443055,0.09201307800093414,0.07853090474768587,0.08854342683338966,0.08547407753386269,0.06778142729172887,0.08516390672524501,0.10509107893507706,0.08808599581964766,0.08651571476850287,0.09248014946286783,8449,0.3963782696177062,0.35021896082376613,0.25340276955852764
동작구,0,0,21,136,146,0,0,10,88,117,0,0,8,124,120,0,0,18,91,118,1,0,26,146,144,0,0,28,107,125,0,0,15,131,146,0,0,16,93,150,1,0,21,153,141,0,0,19,76,144,0,0,16,156,131,0,0,20,110,157,0,0,12,78,88,0,0,4,66,77,0,0,8,84,101,0,0,12,94,104,0,0,26,107,127,0,0,18,132,121,0,1,16,115,106,0,0,18,101,159,1,0,23,90,104,0,0,8,75,101,1,0,18,83,113,0,0,17,104,118,1,0,14,155,152,0,0,8,72,79,0,0,1,101,109,0,0,5,115,118,0,0,13,123,141,2,1,14,163,162,0,0,8,118,156,0,0,15,158,130,0,1,7,71,123,1,0,16,127,149,0,0,12,216,133,0,0,12,137,114,3270,2631,3253,0.0926605504587156,0.0676548840744964,0.09898555179834,0.06574923547400612,0.055872291904218926,0.04887795880725484,0.07706422018348624,0.0733561383504371,0.06486320319704887,0.06941896024464832,0.07981755986316989,0.07316323393790347,0.09694189602446483,0.09882174078297225,0.085152167230249,0.07951070336391437,0.10300266058532877,0.10513372271749155,0.08929663608562691,0.09045990117825922,0.08668920996003689,0.07920489296636085,0.1056632459141011,0.09314478942514602,0.09663608562691131,0.08285822881033827,0.06209652628343068,0.07308868501529052,0.06993538578487267,0.09007070396557024,0.0926605504587156,0.08171797795515014,0.11097448509068553,0.08776758409785933,0.09083998479665527,0.08084844758684291,9154,0.35722088704391525,0.287415337557352,0.3553637753987328
마포구,0,1,32,214,217,1,0,24,131,151,0,0,49,95,147,1,0,20,118,161,2,0,28,113,141,0,1,24,87,144,1,0,30,142,143,3,1,25,71,146,0,0,6,37,80,0,1,23,155,135,0,0,27,87,162,0,0,28,121,119,1,1,16,116,122,0,0,16,87,102,0,0,23,114,140,1,0,31,114,120,0,0,25,119,131,1,0,34,116,135,1,1,27,134,133,0,1,32,143,134,0,1,23,119,147,0,0,28,155,162,0,0,39,164,198,0,0,27,129,177,0,0,15,102,132,1,0,19,61,72,0,0,7,83,80,0,0,17,90,94,0,1,14,88,109,0,1,18,116,145,0,0,23,94,106,0,1,24,125,91,0,0,16,91,135,0,0,29,74,145,0,1,16,124,115,1,1,14,147,97,3445,3540,2735,0.1346879535558781,0.07231638418079096,0.09104204753199269,0.08911465892597968,0.05790960451977401,0.05594149908592322,0.08447024673439768,0.07824858757062148,0.062157221206581355,0.08708272859216255,0.07514124293785311,0.07349177330895795,0.08243831640058055,0.07768361581920905,0.07751371115173675,0.07431059506531204,0.0807909604519774,0.10237659963436929,0.09172714078374455,0.08361581920903954,0.08153564899451554,0.07140783744557329,0.08757062146892655,0.08811700182815356,0.035703918722786644,0.08192090395480225,0.08848263254113345,0.09114658925979681,0.09745762711864407,0.0906764168190128,0.08011611030478955,0.11327683615819209,0.09360146252285192,0.07779390420899855,0.0940677966101695,0.09506398537477148,9720,0.3544238683127572,0.36419753086419754,0.2813786008230453
서대문구,1,0,20,115,133,0,1,8,84,85,0,0,16,102,106,0,0,9,102,88,0,0,15,100,127,0,0,15,76,110,1,1,6,87,124,0,0,15,95,111,0,0,12,50,134,0,0,14,52,107,0,0,8,95,94,0,0,17,37,105,1,0,10,83,74,0,0,9,55,87,0,0,11,84,87,0,0,4,97,83,0,0,12,66,77,0,0,5,89,91,1,0,17,98,88,0,0,18,109,108,0,1,12,82,95,1,0,7,66,106,0,0,11,99,109,0,1,21,99,104,0,0,42,127,174,1,0,26,90,123,0,0,17,95,193,0,1,31,97,180,0,0,34,147,202,0,1,19,123,191,0,0,57,129,198,0,0,46,111,171,0,0,32,67,156,1,0,47,87,189,0,0,47,247,237,0,0,38,131,191,2478,2278,4096,0.10855528652138821,0.07374890254609306,0.083740234375,0.07183212267958031,0.06628621597892889,0.05859375,0.0903954802259887,0.07989464442493416,0.074462890625,0.08030669895076675,0.08077260755048288,0.075439453125,0.09765940274414851,0.06804214223002635,0.093505859375,0.0811138014527845,0.08121158911325724,0.08154296875,0.08837772397094432,0.08955223880597014,0.09375,0.08918482647296207,0.10316066725197541,0.080078125,0.07909604519774012,0.08340649692712906,0.062255859375,0.06981436642453591,0.07901668129938542,0.0791015625,0.07949959644874899,0.0961369622475856,0.129638671875,0.06416464891041163,0.09877085162423178,0.087890625,8852,0.27993673746046094,0.25734297333935835,0.46272028920018077
서초구,0,1,6,25,48,0,0,5,28,30,0,0,2,27,42,0,0,5,26,31,0,0,4,50,22,0,0,5,23,32,0,0,5,21,47,0,0,12,33,37,3,1,17,130,135,1,0,4,23,33,0,0,5,29,30,0,1,35,164,187,1,0,14,106,103,0,2,13,89,111,1,1,22,152,159,1,0,24,112,133,0,0,25,58,149,1,0,27,129,158,0,0,31,145,162,0,1,30,130,166,1,1,28,86,146,1,0,36,122,200,3,0,38,268,184,0,0,24,106,156,1,0,18,98,89,0,0,15,77,81,0,0,9,83,92,0,1,10,64,82,1,0,12,75,105,1,2,8,111,100,1,1,15,108,77,1,0,13,94,103,0,2,9,102,77,0,0,16,70,102,0,0,20,129,106,0,0,12,103,78,1365,3656,2374,0.05860805860805861,0.061269146608315096,0.08677337826453244,0.046153846153846156,0.058807439824945296,0.07287278854254423,0.05201465201465202,0.09163019693654267,0.07750631844987363,0.04542124542124542,0.07385120350109409,0.06613310867733782,0.05567765567765568,0.06345733041575492,0.08129738837405223,0.04395604395604396,0.08615973741794311,0.09351305812973884,0.05347985347985348,0.09245076586433261,0.08508845829823083,0.060073260073260075,0.08944201312910284,0.08887952822240944,0.20952380952380953,0.07166301969365427,0.08003369839932603,0.04468864468864469,0.09819474835886215,0.07919123841617523,0.046886446886446886,0.1348468271334792,0.10741364785172704,0.2835164835164835,0.07822757111597374,0.08129738837405223,7395,0.1845841784989858,0.49438810006761325,0.32102772143340097
성동구,0,1,11,95,132,0,0,11,66,87,0,1,7,75,90,2,0,9,83,100,0,0,4,78,95,1,0,15,90,115,1,0,7,114,101,0,0,15,84,99,0,0,56,134,203,0,1,14,92,108,0,0,3,84,105,1,0,13,88,80,1,2,5,57,59,0,0,3,61,69,0,0,7,78,79,1,0,9,72,86,0,0,9,82,85,0,1,11,58,103,1,0,10,71,109,0,0,15,90,111,0,0,13,73,73,0,1,2,63,94,0,0,21,104,114,0,0,5,96,108,0,0,30,162,190,0,0,21,139,134,0,1,44,129,146,0,0,31,152,164,0,0,41,169,196,0,1,43,156,195,0,0,38,171,183,0,0,40,127,172,1,0,43,163,176,2,0,42,153,183,0,1,29,224,203,0,0,29,176,159,2571,2112,4459,0.09295993776740567,0.058712121212121215,0.08566943260820811,0.06378840917930766,0.06297348484848485,0.06593406593406594,0.06728899260987943,0.07765151515151515,0.0717649697241534,0.07545702061454687,0.07954545454545454,0.07782013904462884,0.06884480746791131,0.08333333333333333,0.09105180533751962,0.08595877090626215,0.08191287878787878,0.08858488450325185,0.08673667833527811,0.09043560606060606,0.08791208791208792,0.07701283547257877,0.10227272727272728,0.076026014801525,0.1528588098016336,0.07528409090909091,0.0858936981385961,0.08362504861921431,0.07575757575757576,0.08522090154743216,0.07467911318553092,0.11316287878787878,0.10248934738730657,0.07078957604045119,0.09895833333333333,0.08163265306122448,9142,0.28122949026471233,0.23102165828046378,0.4877488514548239
성북구,0,0,7,80,129,0,0,10,57,119,0,0,11,93,116,0,0,15,81,121,0,0,7,76,102,0,0,17,73,110,1,1,14,102,147,1,1,15,81,127,3,0,63,319,419,0,0,9,102,107,1,0,19,76,124,0,0,8,73,116,0,0,7,75,80,1,0,6,37,101,0,2,9,65,109,0,0,7,58,112,1,0,7,80,97,0,0,12,76,98,0,0,13,92,115,0,0,15,74,126,0,0,11,78,119,1,0,6,57,151,0,0,14,115,139,1,0,11,88,145,0,0,10,80,102,0,0,5,53,51,0,0,9,64,74,0,0,12,80,99,1,0,10,70,106,0,0,9,103,101,1,0,14,98,106,0,0,14,112,95,0,0,7,56,79,0,0,13,89,78,0,1,13,97,98,0,1,9,77,97,3153,2411,2194,0.06850618458610847,0.06719203649937786,0.08751139471285324,0.058991436726926735,0.06014102032351721,0.04968094804010939,0.06977481763399937,0.0767316466196599,0.06700091157702825,0.0688233428480812,0.07341352136043136,0.0870556061987238,0.05867427846495401,0.0767316466196599,0.08523245214220601,0.06343165239454487,0.07714641227706345,0.09708295350957157,0.08404693942277196,0.09124844462878473,0.09981768459434823,0.071360608943863,0.0891746163417669,0.1007292616226071,0.25499524262607043,0.08627125673994193,0.06472196900638104,0.06914050111005392,0.0891746163417669,0.0820419325432999,0.06977481763399937,0.11115719618415595,0.09525979945305378,0.0624801776086267,0.10161758606387392,0.08386508659981769,7758,0.40641918020108275,0.3107759731889662,0.28280484660995103
송파구,2,0,23,250,240,0,2,16,148,171,0,1,18,231,223,0,0,27,204,244,1,1,24,242,247,0,1,26,199,248,1,0,31,217,244,0,1,24,216,199,1,0,18,160,167,0,1,14,125,201,2,0,25,229,210,0,1,30,213,204,0,1,10,175,139,0,1,6,126,143,0,0,25,131,236,1,0,27,131,235,1,0,20,160,185,0,0,21,239,211,0,1,34,169,209,0,0,25,202,223,0,1,24,151,191,0,1,11,115,228,0,2,23,229,224,1,0,21,196,209,0,0,18,191,235,0,1,15,97,158,0,0,23,171,204,1,0,28,156,226,0,0,37,162,226,0,1,22,232,234,0,0,32,142,242,0,0,26,224,220,1,0,21,182,199,0,1,23,159,248,0,1,22,266,248,0,1,23,219,229,5323,4714,5167,0.09674995303400338,0.06894357233771743,0.08592994000387072,0.06331016344166823,0.05854900296987696,0.052448229146506674,0.08885966560210408,0.0831565549427238,0.07702728856202826,0.08923539357505167,0.08358082308018668,0.0795432552738533,0.09674995303400338,0.07764106915570641,0.08225275788658797,0.08904752958857787,0.09991514637250742,0.09463905554480356,0.09261694533157994,0.087611370386084,0.08051093477840139,0.08266015404846891,0.09546033092914723,0.09096187342752081,0.06500093931993237,0.07785320322443784,0.07799496806657635,0.0640616193875634,0.07530759439966059,0.08341397329204567,0.08754461769678752,0.10140008485362749,0.10392877878846526,0.08416306594025925,0.09058124734832414,0.09134894522934005,15204,0.35010523546435146,0.31004998684556695,0.33984477769008153
양천구,0,0,11,130,114,0,0,8,141,116,0,1,9,134,95,1,0,16,114,107,1,1,6,123,113,0,0,13,111,136,1,1,7,161,165,0,0,7,134,137,1,0,1,37,60,0,0,8,112,168,1,0,9,101,122,1,1,9,112,132,0,0,6,106,99,1,0,7,66,92,0,0,6,113,133,0,1,7,96,136,0,0,8,121,130,0,0,9,124,119,0,0,15,104,110,0,0,11,95,125,0,0,11,118,154,0,2,14,97,114,0,0,9,192,156,0,0,13,117,178,0,0,8,125,171,1,0,6,94,74,1,0,9,94,122,0,0,18,123,140,0,0,9,111,143,0,2,10,137,147,0,1,11,131,116,0,0,12,189,146,0,0,7,109,100,0,0,8,117,130,0,0,7,151,133,0,0,9,93,154,2989,3015,3169,0.08531281365005018,0.06998341625207297,0.09592931524140107,0.08865841418534627,0.055058043117744614,0.0552224676554118,0.07995985279357645,0.08358208955223881,0.07131587251498896,0.07962529274004684,0.07960199004975124,0.0886715052066898,0.08163265306122448,0.08590381426202322,0.08299147996213317,0.08698561391769823,0.08358208955223881,0.09340485957715368,0.11207761793241887,0.07595356550580432,0.08172925213000946,0.09300769488123119,0.07661691542288557,0.10949826443673083,0.03312144529943125,0.09386401326699834,0.06816030293467971,0.09635329541652726,0.07529021558872305,0.08046702429788577,0.0779524924723988,0.11840796019900497,0.09182707478699906,0.08531281365005018,0.1021558872305141,0.0807825812559167,9173,0.3258475962062575,0.32868200152621824,0.34547040226752423
영등포구,1,0,33,203,252,1,0,23,173,198,0,0,22,193,225,1,1,20,177,213,1,1,32,198,261,0,1,22,198,218,0,1,32,233,247,0,0,27,177,257,0,0,25,142,191,1,1,25,94,218,1,0,28,183,223,1,0,30,238,187,1,0,12,118,157,1,0,15,81,87,0,1,28,171,160,0,1,28,144,213,0,8,19,148,156,0,0,25,148,170,3,1,27,163,214,1,0,39,150,259,0,0,25,115,184,1,0,21,78,157,0,0,18,241,224,1,0,22,155,188,0,0,20,192,202,0,0,16,117,149,0,1,23,150,186,0,0,28,159,190,0,2,23,181,226,0,1,36,165,233,1,1,31,187,213,1,1,35,156,219,1,3,25,91,204,1,1,39,101,193,0,0,27,355,217,1,0,24,208,183,5230,4179,4819,0.09349904397705545,0.06891600861450108,0.08590993982153974,0.07552581261950286,0.044029672170375685,0.058518364805976344,0.0841300191204589,0.08614501076812635,0.07470429549699108,0.07877629063097515,0.09236659487915769,0.07823199833990455,0.09426386233269599,0.07920555156736062,0.08964515459638929,0.08393881453154876,0.08207705192629816,0.09026769039219755,0.09808795411089866,0.09763101220387653,0.08985266652832538,0.08814531548757171,0.10744197176357981,0.08549491595766756,0.06845124282982791,0.07753050969131371,0.06723386594729197,0.06481835564053537,0.06149796602057909,0.06951649719858892,0.08317399617590822,0.11557788944723618,0.1242996472297157,0.08718929254302103,0.08758076094759512,0.08632496368541191,14228,0.3675850435760472,0.29371661512510544,0.33869834129884735
용산구,1,0,23,104,149,0,2,23,70,114,0,0,32,108,142,0,1,28,116,146,0,0,14,105,147,1,0,16,82,138,0,1,14,96,138,1,1,13,84,122,1,0,27,133,130,1,1,8,93,136,1,0,25,87,116,0,0,15,85,110,0,0,7,59,87,0,0,5,56,46,0,1,11,57,99,0,0,5,76,120,0,0,9,65,102,2,0,10,101,117,0,0,19,113,129,1,0,17,100,104,0,0,8,62,119,0,0,14,52,100,0,0,21,100,126,0,0,15,104,142,0,0,20,84,131,0,0,9,65,95,0,1,19,63,100,0,0,8,74,95,0,1,22,69,154,2,1,28,87,180,0,0,36,101,175,0,0,26,95,153,1,3,27,79,142,2,0,25,53,165,0,0,32,111,159,0,1,28,97,148,3001,2381,2967,0.0923025658113962,0.06425871482570349,0.07920458375463431,0.0696434521826058,0.04493910121797564,0.056959892146949784,0.0939686771076308,0.07055858882822344,0.06167846309403438,0.09696767744085305,0.08441831163376733,0.05965621840242669,0.08863712095968011,0.07391852162956741,0.08291203235591507,0.0789736754415195,0.09659806803863923,0.100438153016515,0.08297234255248251,0.10961780764384713,0.1051567239635996,0.07364211929356881,0.09323813523729525,0.09234917425008426,0.09696767744085305,0.07937841243175137,0.08493427704752275,0.07964011996001333,0.06971860562788744,0.08257499157398045,0.07630789736754415,0.10373792524149517,0.10178631614425346,0.06997667444185271,0.10961780764384713,0.09234917425008426,8349,0.3594442448197389,0.2851838543538148,0.35537190082644626
은평구,1,0,15,126,187,0,1,8,93,140,0,0,10,104,163,0,0,13,97,149,0,2,15,88,154,0,0,16,158,143,1,0,20,135,181,0,0,15,113,144,0,5,35,299,420,0,0,13,123,141,2,1,13,115,131,0,0,20,122,141,0,0,3,113,114,0,0,5,62,93,0,0,8,108,137,0,1,17,103,122,0,0,9,110,113,0,0,18,157,159,1,0,12,117,149,1,1,14,114,189,0,0,18,139,149,1,0,22,125,142,1,0,25,128,158,0,1,15,148,122,0,1,17,125,176,0,0,13,86,115,0,0,12,114,139,2,0,15,110,150,0,1,12,116,151,0,0,15,146,167,0,0,7,119,161,1,2,17,113,179,0,0,9,128,154,0,1,25,154,145,1,0,19,152,140,0,0,15,134,128,3873,3244,3487,0.08494706945520268,0.07090012330456227,0.0914826498422713,0.06248386263878131,0.04932182490752158,0.06137080585030112,0.07152078492124968,0.0779901356350185,0.07599655864640092,0.06687322489026594,0.0749075215782984,0.07943791224548322,0.06687322489026594,0.07151664611590629,0.0802982506452538,0.08184869610121354,0.1029593094944513,0.09406366504158302,0.08701265169119546,0.08600493218249075,0.08230570691138514,0.07022979602375419,0.09833538840937114,0.08947519357613995,0.1959721146398141,0.09432799013563502,0.08345282477774592,0.07152078492124968,0.08939580764488286,0.09320332664181244,0.06764781822876323,0.09617755856966707,0.08947519357613995,0.07306997159824426,0.08816276202219482,0.07943791224548322,10604,0.36523953225198036,0.30592229347416067,0.3288381742738589
종로구,2,1,8,118,167,3,0,12,87,126,1,0,18,135,156,1,1,9,81,119,0,0,19,85,149,0,1,21,108,150,0,1,26,96,158,1,1,16,81,128,0,0,31,165,222,0,0,17,110,143,0,1,9,82,126,0,0,63,100,130,0,0,10,63,94,1,0,9,74,100,0,0,14,86,118,0,0,4,75,114,0,0,12,97,119,0,1,10,84,118,0,2,22,103,139,2,0,16,113,133,1,0,12,103,130,2,0,16,62,113,0,1,14,142,141,0,0,17,95,148,1,0,22,87,133,0,0,8,81,98,0,0,9,81,109,0,0,17,82,112,0,0,10,93,146,0,0,15,109,142,0,0,12,104,110,1,0,14,14,121,0,1,4,89,117,1,0,16,98,122,0,0,18,115,142,0,0,13,103,92,3285,2730,2662,0.09010654490106546,0.06117216117216117,0.0912847483095417,0.06940639269406393,0.0673992673992674,0.07024793388429752,0.0943683409436834,0.07985347985347985,0.07475582268970699,0.06423135464231354,0.0706959706959707,0.07926371149511645,0.07701674277016743,0.08351648351648351,0.09353869271224644,0.0852359208523592,0.07802197802197802,0.09992486851990984,0.08554033485540335,0.09743589743589744,0.08489857250187828,0.06910197869101979,0.0967032967032967,0.056348610067618335,0.12724505327245053,0.09010989010989011,0.07926371149511645,0.0821917808219178,0.0706959706959707,0.08903080390683696,0.06636225266362253,0.10915750915750916,0.10330578512396695,0.08919330289193303,0.09523809523809523,0.0781367392937641,8677,0.3785870692635704,0.31462487034689407,0.30678806038953554
중구,0,0,22,216,178,0,0,16,135,116,0,2,11,176,137,0,0,16,118,96,1,0,14,117,126,0,0,19,119,148,0,1,20,136,168,0,0,16,119,158,0,0,13,119,184,0,1,8,134,118,0,1,9,126,99,0,0,15,119,117,0,0,8,101,71,1,1,3,98,90,0,2,14,94,117,1,0,9,121,98,1,0,14,126,120,0,2,16,126,115,1,1,21,118,125,1,0,19,104,168,0,0,16,120,130,0,0,11,87,123,1,0,17,100,136,0,0,13,84,116,0,1,8,108,133,0,0,5,80,96,0,0,6,115,147,1,0,13,128,182,0,0,13,119,165,0,0,20,132,171,0,0,17,160,170,0,0,15,15,172,1,0,13,125,176,0,0,15,144,189,0,0,11,121,167,0,1,14,128,169,3464,2861,3466,0.12009237875288684,0.06291506466270534,0.07212925562608194,0.0770785219399538,0.06745893044390074,0.05222158107328333,0.09411085450346421,0.07934288710241175,0.07732256203115984,0.06639722863741339,0.0800419433764418,0.0934795152914022,0.07448036951501155,0.09122684376092276,0.08568955568378535,0.0825635103926097,0.09052778748689269,0.09319099826889786,0.09382217090069284,0.0929744844459979,0.10011540680900173,0.08458429561200924,0.10206221600838868,0.058280438545874204,0.09122401847575058,0.0929744844459979,0.09088286208886324,0.07534642032332564,0.07724571828032156,0.10040392383150606,0.06784064665127021,0.08878014680181755,0.086266589728794,0.07245958429561201,0.07444949318420133,0.09001731102135026,9791,0.3537943008885711,0.29220712899601675,0.35399857011541214
중랑구,1,0,14,112,153,0,0,15,117,143,2,1,14,140,176,3,1,8,104,176,0,1,12,105,183,0,0,22,118,176,0,0,21,136,240,0,1,14,122,160,1,0,15,89,121,1,0,16,143,178,0,0,14,126,125,0,0,16,153,176,0,0,7,106,117,0,1,6,74,82,0,1,8,118,145,0,0,11,95,109,0,0,12,112,117,0,0,14,121,183,0,0,22,141,147,2,1,17,117,137,1,0,12,127,155,1,0,9,124,159,0,2,13,163,170,0,1,10,101,139,0,1,14,90,107,0,1,10,79,91,0,0,3,76,98,0,0,15,86,117,0,0,24,101,162,1,0,19,116,164,0,4,29,114,114,0,0,27,27,152,1,1,23,86,152,0,0,24,83,165,0,0,15,243,159,0,0,25,126,106,3665,3210,3051,0.07639836289222374,0.07165109034267912,0.06948541461815798,0.07503410641200546,0.05077881619937695,0.05932481153720092,0.09085948158253751,0.08473520249221184,0.05801376597836775,0.07967257844474761,0.06697819314641744,0.07145198295640774,0.08212824010914052,0.0750778816199377,0.09406751884627991,0.08622100954979536,0.09906542056074766,0.09832841691248771,0.10832196452933152,0.09657320872274143,0.0855457227138643,0.0810368349249659,0.0853582554517134,0.06751884627990823,0.061664392905866304,0.09190031152647975,0.0862012454932809,0.0922237380627558,0.09127725856697819,0.08915109800065553,0.0723055934515689,0.10841121495327102,0.13667649950835792,0.0941336971350614,0.07819314641744549,0.08423467715503113,9926,0.3692323191617973,0.3233931090066492,0.3073745718315535
